{"v":"5.4.1","fr":29.9700012207031,"ip":0,"op":95.0000038694293,"w":800,"h":600,"nm":"Main_Google Search ","ddd":0,"assets":[{"id":"comp_0","layers":[{"ddd":0,"ind":1,"ty":4,"nm":"Blue","sr":1,"ks":{"o":{"a":0,"k":100,"ix":11},"r":{"a":0,"k":90,"ix":10},"p":{"a":0,"k":[400,300,0],"ix":2},"a":{"a":0,"k":[0,0,0],"ix":1},"s":{"a":0,"k":[100,100,100],"ix":6}},"ao":0,"shapes":[{"d":1,"ty":"el","s":{"a":0,"k":[100,100],"ix":2},"p":{"a":0,"k":[0,0],"ix":3},"nm":"Ellipse Path 1","mn":"ADBE Vector Shape - Ellipse","hd":false},{"ty":"tm","s":{"a":1,"k":[{"i":{"x":[0.34],"y":[1]},"o":{"x":[0.66],"y":[0]},"n":["0p34_1_0p66_0"],"t":0,"s":[0],"e":[0]},{"i":{"x":[0.34],"y":[1]},"o":{"x":[0.66],"y":[0]},"n":["0p34_1_0p66_0"],"t":36,"s":[0],"e":[0]},{"i":{"x":[0.34],"y":[1]},"o":{"x":[0.66],"y":[0]},"n":["0p34_1_0p66_0"],"t":53,"s":[0],"e":[100]},{"t":88.0000035843135}],"ix":1},"e":{"a":1,"k":[{"i":{"x":[0.34],"y":[1]},"o":{"x":[0.66],"y":[0]},"n":["0p34_1_0p66_0"],"t":0,"s":[0],"e":[20]},{"i":{"x":[0.34],"y":[1]},"o":{"x":[0.66],"y":[0]},"n":["0p34_1_0p66_0"],"t":36,"s":[20],"e":[20]},{"i":{"x":[0.34],"y":[1]},"o":{"x":[0.66],"y":[0]},"n":["0p34_1_0p66_0"],"t":53,"s":[20],"e":[100]},{"t":88.0000035843135}],"ix":2},"o":{"a":0,"k":0,"ix":3},"m":1,"ix":2,"nm":"Trim Paths 1","mn":"ADBE Vector Filter - Trim","hd":false},{"ty":"st","c":{"a":0,"k":[0.227450980392,0.486274509804,0.925490196078,1],"ix":3},"o":{"a":0,"k":100,"ix":4},"w":{"a":0,"k":12,"ix":5},"lc":1,"lj":1,"ml":4,"ml2":{"a":0,"k":4,"ix":8},"nm":"Stroke 1","mn":"ADBE Vector Graphic - Stroke","hd":false}],"ip":0,"op":104.000004236007,"st":0,"bm":0},{"ddd":0,"ind":2,"ty":4,"nm":"Green","sr":1,"ks":{"o":{"a":0,"k":100,"ix":11},"r":{"a":0,"k":90,"ix":10},"p":{"a":0,"k":[400,300,0],"ix":2},"a":{"a":0,"k":[0,0,0],"ix":1},"s":{"a":0,"k":[100,100,100],"ix":6}},"ao":0,"shapes":[{"d":1,"ty":"el","s":{"a":0,"k":[100,100],"ix":2},"p":{"a":0,"k":[0,0],"ix":3},"nm":"Ellipse Path 1","mn":"ADBE Vector Shape - Ellipse","hd":false},{"ty":"st","c":{"a":0,"k":[0.16862745098,0.63137254902,0.294117647059,1],"ix":3},"o":{"a":0,"k":100,"ix":4},"w":{"a":0,"k":12,"ix":5},"lc":1,"lj":1,"ml":4,"ml2":{"a":0,"k":4,"ix":8},"nm":"Stroke 1","mn":"ADBE Vector Graphic - Stroke","hd":false},{"ty":"tm","s":{"a":1,"k":[{"i":{"x":[0.34],"y":[1]},"o":{"x":[0.66],"y":[0]},"n":["0p34_1_0p66_0"],"t":0,"s":[0],"e":[21]},{"i":{"x":[0.34],"y":[1]},"o":{"x":[0.66],"y":[0]},"n":["0p34_1_0p66_0"],"t":36,"s":[21],"e":[21]},{"i":{"x":[0.34],"y":[1]},"o":{"x":[0.66],"y":[0]},"n":["0p34_1_0p66_0"],"t":53,"s":[21],"e":[100]},{"t":88.0000035843135}],"ix":1},"e":{"a":1,"k":[{"i":{"x":[0.34],"y":[1]},"o":{"x":[0.66],"y":[0]},"n":["0p34_1_0p66_0"],"t":0,"s":[0],"e":[38]},{"i":{"x":[0.34],"y":[1]},"o":{"x":[0.66],"y":[0]},"n":["0p34_1_0p66_0"],"t":36,"s":[38],"e":[38]},{"i":{"x":[0.34],"y":[1]},"o":{"x":[0.66],"y":[0]},"n":["0p34_1_0p66_0"],"t":53,"s":[38],"e":[100]},{"t":88.0000035843135}],"ix":2},"o":{"a":0,"k":0,"ix":3},"m":1,"ix":3,"nm":"Trim Paths 1","mn":"ADBE Vector Filter - Trim","hd":false}],"ip":0,"op":104.000004236007,"st":0,"bm":0},{"ddd":0,"ind":3,"ty":4,"nm":"Yellow","sr":1,"ks":{"o":{"a":0,"k":100,"ix":11},"r":{"a":0,"k":90,"ix":10},"p":{"a":0,"k":[400,300,0],"ix":2},"a":{"a":0,"k":[0,0,0],"ix":1},"s":{"a":0,"k":[100,100,100],"ix":6}},"ao":0,"shapes":[{"d":1,"ty":"el","s":{"a":0,"k":[100,100],"ix":2},"p":{"a":0,"k":[0,0],"ix":3},"nm":"Ellipse Path 1","mn":"ADBE Vector Shape - Ellipse","hd":false},{"ty":"st","c":{"a":0,"k":[0.945098039216,0.709803921569,0,1],"ix":3},"o":{"a":0,"k":100,"ix":4},"w":{"a":0,"k":12,"ix":5},"lc":1,"lj":1,"ml":4,"ml2":{"a":0,"k":4,"ix":8},"nm":"Stroke 1","mn":"ADBE Vector Graphic - Stroke","hd":false},{"ty":"tm","s":{"a":1,"k":[{"i":{"x":[0.34],"y":[1]},"o":{"x":[0.66],"y":[0]},"n":["0p34_1_0p66_0"],"t":0,"s":[0],"e":[39]},{"i":{"x":[0.34],"y":[1]},"o":{"x":[0.66],"y":[0]},"n":["0p34_1_0p66_0"],"t":36,"s":[39],"e":[39]},{"i":{"x":[0.34],"y":[1]},"o":{"x":[0.66],"y":[0]},"n":["0p34_1_0p66_0"],"t":53,"s":[39],"e":[100]},{"t":88.0000035843135}],"ix":1},"e":{"a":1,"k":[{"i":{"x":[0.34],"y":[1]},"o":{"x":[0.66],"y":[0]},"n":["0p34_1_0p66_0"],"t":0,"s":[0],"e":[57]},{"i":{"x":[0.34],"y":[1]},"o":{"x":[0.66],"y":[0]},"n":["0p34_1_0p66_0"],"t":36,"s":[57],"e":[57]},{"i":{"x":[0.34],"y":[1]},"o":{"x":[0.66],"y":[0]},"n":["0p34_1_0p66_0"],"t":53,"s":[57],"e":[100]},{"t":88.0000035843135}],"ix":2},"o":{"a":0,"k":0,"ix":3},"m":1,"ix":3,"nm":"Trim Paths 1","mn":"ADBE Vector Filter - Trim","hd":false}],"ip":0,"op":104.000004236007,"st":0,"bm":0},{"ddd":0,"ind":4,"ty":4,"nm":"Red","sr":1,"ks":{"o":{"a":0,"k":100,"ix":11},"r":{"a":0,"k":90,"ix":10},"p":{"a":0,"k":[400,300,0],"ix":2},"a":{"a":0,"k":[0,0,0],"ix":1},"s":{"a":0,"k":[100,100,100],"ix":6}},"ao":0,"shapes":[{"d":1,"ty":"el","s":{"a":0,"k":[100,100],"ix":2},"p":{"a":0,"k":[0,0],"ix":3},"nm":"Ellipse Path 1","mn":"ADBE Vector Shape - Ellipse","hd":false},{"ty":"st","c":{"a":0,"k":[0.890196078431,0.243137254902,0.16862745098,1],"ix":3},"o":{"a":0,"k":100,"ix":4},"w":{"a":0,"k":12,"ix":5},"lc":1,"lj":1,"ml":4,"ml2":{"a":0,"k":4,"ix":8},"nm":"Stroke 1","mn":"ADBE Vector Graphic - Stroke","hd":false},{"ty":"tm","s":{"a":1,"k":[{"i":{"x":[0.34],"y":[1]},"o":{"x":[0.66],"y":[0]},"n":["0p34_1_0p66_0"],"t":0,"s":[0],"e":[58]},{"i":{"x":[0.34],"y":[1]},"o":{"x":[0.66],"y":[0]},"n":["0p34_1_0p66_0"],"t":36,"s":[58],"e":[58]},{"i":{"x":[0.34],"y":[1]},"o":{"x":[0.66],"y":[0]},"n":["0p34_1_0p66_0"],"t":53,"s":[58],"e":[100]},{"t":88.0000035843135}],"ix":1},"e":{"a":1,"k":[{"i":{"x":[0.34],"y":[1]},"o":{"x":[0.66],"y":[0]},"n":["0p34_1_0p66_0"],"t":0,"s":[0],"e":[76]},{"i":{"x":[0.34],"y":[1]},"o":{"x":[0.66],"y":[0]},"n":["0p34_1_0p66_0"],"t":36,"s":[76],"e":[76]},{"i":{"x":[0.34],"y":[1]},"o":{"x":[0.66],"y":[0]},"n":["0p34_1_0p66_0"],"t":53,"s":[76],"e":[100]},{"t":88.0000035843135}],"ix":2},"o":{"a":0,"k":0,"ix":3},"m":1,"ix":3,"nm":"Trim Paths 1","mn":"ADBE Vector Filter - Trim","hd":false}],"ip":0,"op":104.000004236007,"st":0,"bm":0},{"ddd":0,"ind":5,"ty":4,"nm":"Search bar","sr":1,"ks":{"o":{"a":0,"k":100,"ix":11},"r":{"a":0,"k":-45,"ix":10},"p":{"a":0,"k":[452.5,358,0],"ix":2},"a":{"a":0,"k":[87,-3.25,0],"ix":1},"s":{"a":0,"k":[100,100,100],"ix":6}},"ao":0,"shapes":[{"ty":"gr","it":[{"ind":0,"ty":"sh","ix":1,"ks":{"a":0,"k":{"i":[[0,0],[0,0]],"o":[[0,0],[0,0]],"v":[[87,-30.5],[87,10.742]],"c":false},"ix":2},"nm":"Path 1","mn":"ADBE Vector Shape - Group","hd":false},{"ty":"st","c":{"a":0,"k":[0.227450980392,0.486274509804,0.925490196078,1],"ix":3},"o":{"a":0,"k":100,"ix":4},"w":{"a":0,"k":12,"ix":5},"lc":1,"lj":1,"ml":4,"ml2":{"a":0,"k":4,"ix":8},"nm":"Stroke 1","mn":"ADBE Vector Graphic - Stroke","hd":false},{"ty":"fl","c":{"a":0,"k":[0.149019996793,0.074509998396,0,1],"ix":4},"o":{"a":0,"k":100,"ix":5},"r":1,"nm":"Fill 1","mn":"ADBE Vector Graphic - Fill","hd":true},{"ty":"tr","p":{"a":0,"k":[0,0],"ix":2},"a":{"a":0,"k":[0,0],"ix":1},"s":{"a":0,"k":[100,100],"ix":3},"r":{"a":0,"k":0,"ix":6},"o":{"a":0,"k":100,"ix":7},"sk":{"a":0,"k":0,"ix":4},"sa":{"a":0,"k":0,"ix":5},"nm":"Transform"}],"nm":"Shape 1","np":3,"cix":2,"ix":1,"mn":"ADBE Vector Group","hd":false},{"ty":"tm","s":{"a":1,"k":[{"i":{"x":[0.135],"y":[1]},"o":{"x":[0.333],"y":[0]},"n":["0p135_1_0p333_0"],"t":15,"s":[18],"e":[20]},{"i":{"x":[0.667],"y":[1]},"o":{"x":[0.333],"y":[0]},"n":["0p667_1_0p333_0"],"t":36,"s":[20],"e":[20]},{"i":{"x":[0.667],"y":[1]},"o":{"x":[0.947],"y":[0]},"n":["0p667_1_0p947_0"],"t":50,"s":[20],"e":[0]},{"t":64.0000026067734}],"ix":1},"e":{"a":1,"k":[{"i":{"x":[0.135],"y":[1]},"o":{"x":[0.333],"y":[0]},"n":["0p135_1_0p333_0"],"t":15,"s":[18],"e":[100]},{"i":{"x":[0.667],"y":[1]},"o":{"x":[0.333],"y":[0]},"n":["0p667_1_0p333_0"],"t":36,"s":[100],"e":[100]},{"i":{"x":[0.667],"y":[1]},"o":{"x":[0.947],"y":[0]},"n":["0p667_1_0p947_0"],"t":50,"s":[100],"e":[0]},{"t":64.0000026067734}],"ix":2},"o":{"a":0,"k":0,"ix":3},"m":1,"ix":2,"nm":"Trim Paths 1","mn":"ADBE Vector Filter - Trim","hd":false}],"ip":15.0000006109625,"op":67.0000027289659,"st":3.00000012219251,"bm":0}]}],"layers":[{"ddd":0,"ind":2,"ty":0,"nm":"search Icon animation comp","refId":"comp_0","sr":1,"ks":{"o":{"a":0,"k":100,"ix":11},"r":{"a":0,"k":0,"ix":10},"p":{"a":0,"k":[400,300,0],"ix":2},"a":{"a":0,"k":[400,300,0],"ix":1},"s":{"a":0,"k":[100,100,100],"ix":6}},"ao":0,"w":800,"h":600,"ip":0,"op":104.000004236007,"st":0,"bm":0},{"ddd":0,"ind":3,"ty":4,"nm":"Grey","sr":1,"ks":{"o":{"a":0,"k":100,"ix":11},"r":{"a":0,"k":0,"ix":10},"p":{"a":0,"k":[400,300,0],"ix":2},"a":{"a":0,"k":[0,0,0],"ix":1},"s":{"a":0,"k":[100,100,100],"ix":6}},"ao":0,"shapes":[{"d":1,"ty":"el","s":{"a":0,"k":[100,100],"ix":2},"p":{"a":0,"k":[0,0],"ix":3},"nm":"Ellipse Path 1","mn":"ADBE Vector Shape - Ellipse","hd":false},{"ty":"st","c":{"a":0,"k":[0.937254901961,0.933579388787,0.933579388787,1],"ix":3},"o":{"a":0,"k":100,"ix":4},"w":{"a":0,"k":12,"ix":5},"lc":1,"lj":1,"ml":4,"ml2":{"a":0,"k":4,"ix":8},"nm":"Stroke 1","mn":"ADBE Vector Graphic - Stroke","hd":false}],"ip":0,"op":140.000005702317,"st":0,"bm":0}],"markers":[]}